{"cameraMode":{"drawMode":0,"name":"Shaded","section":"Shading Mode"},"sceneLighting":false,"audioPlay":false,"sceneViewState":{"showFog":true,"showMaterialUpdate":false,"showSkybox":false,"showFlares":true,"showImageEffects":true,"showParticleSystems":true},"in2DMode":false,"pivot":{"x":6.079699516296387,"y":-2.1050527095794679,"z":-11.104432106018067},"rotation":{"x":-0.31321147084236147,"y":0.4676836431026459,"z":-0.1816684454679489,"w":-0.8063384890556336},"size":51.57197570800781,"orthographic":true}