{"cameraMode":{"drawMode":0,"name":"Shaded","section":"Shading Mode"},"sceneLighting":false,"audioPlay":false,"sceneViewState":{"showFog":true,"showMaterialUpdate":false,"showSkybox":false,"showFlares":true,"showImageEffects":true,"showParticleSystems":true},"in2DMode":false,"pivot":{"x":-1.5358234643936158,"y":2.2923424243927,"z":-15.224194526672364},"rotation":{"x":0.17828108370304109,"y":-0.5501308441162109,"z":0.12157706171274185,"w":0.8067188858985901},"size":5.500463962554932,"orthographic":true}