{"cameraMode":{"drawMode":0,"name":"Shaded","section":"Shading Mode"},"sceneLighting":false,"audioPlay":false,"sceneViewState":{"showFog":true,"showMaterialUpdate":false,"showSkybox":false,"showFlares":true,"showImageEffects":true,"showParticleSystems":true},"in2DMode":false,"pivot":{"x":-42.320743560791019,"y":3.2476415634155275,"z":2.4749698638916017},"rotation":{"x":-0.26704129576683047,"y":-0.4022194743156433,"z":0.12389689683914185,"w":-0.8669260740280151},"size":31.529396057128908,"orthographic":false}