{"cameraMode":{"drawMode":0,"name":"Shaded","section":"Shading Mode"},"sceneLighting":true,"audioPlay":false,"sceneViewState":{"showFog":true,"showMaterialUpdate":false,"showSkybox":true,"showFlares":true,"showImageEffects":true,"showParticleSystems":true},"in2DMode":false,"pivot":{"x":29.823436737060548,"y":4.991214752197266,"z":-12.089941024780274},"rotation":{"x":-0.15512077510356904,"y":0.2766081392765045,"z":-0.04529573395848274,"w":-0.9473029375076294},"size":7.658477306365967,"orthographic":false}