{"cameraMode":{"drawMode":0,"name":"Shaded","section":"Shading Mode"},"sceneLighting":false,"audioPlay":false,"sceneViewState":{"showFog":true,"showMaterialUpdate":false,"showSkybox":false,"showFlares":true,"showImageEffects":true,"showParticleSystems":true},"in2DMode":false,"pivot":{"x":-0.06360816955566406,"y":0.8222472667694092,"z":0.43419569730758669},"rotation":{"x":-0.1798127293586731,"y":-0.7670133113861084,"z":0.243844673037529,"w":-0.5656020045280457},"size":2.828338623046875,"orthographic":false}